{
  "name": "seenaf-ctf",
  "private": true,
  "version": "1.0.0",
  "type": "module",
  "description": "SEENAF CTF Platform - A modern Capture The Flag platform",
  "scripts": {
    "dev": "vite",
    "build": "tsc && vite build",
    "build:dev": "tsc && vite build --mode development",
    "lint": "eslint . --ext ts,tsx --report-unused-disable-directives --max-warnings 0",
    "preview": "vite preview",
    "type-check": "tsc --noEmit"
  },
  "dependencies": {
    "@hookform/resolvers": "^3.3.4",
    "@radix-ui/react-accordion": "^1.1.2",
    "@radix-ui/react-alert-dialog": "^1.0.5",
    "@radix-ui/react-avatar": "^1.0.4",
    "@radix-ui/react-badge": "^1.0.4",
    "@radix-ui/react-button": "^1.0.4",
    "@radix-ui/react-card": "^1.0.4",
    "@radix-ui/react-dialog": "^1.0.5",
    "@radix-ui/react-dropdown-menu": "^2.0.6",
    "@radix-ui/react-input": "^1.0.4",
    "@radix-ui/react-label": "^2.0.2",
    "@radix-ui/react-select": "^2.0.0",
    "@radix-ui/react-separator": "^1.0.3",
    "@radix-ui/react-slot": "^1.0.2",
    "@radix-ui/react-tabs": "^1.0.4",
    "@radix-ui/react-textarea": "^1.0.4",
    "@radix-ui/react-toast": "^1.1.5",
    "@supabase/supabase-js": "^2.39.3",
    "class-variance-authority": "^0.7.0",
    "clsx": "^2.1.0",
    "framer-motion": "^12.23.26",
    "lucide-react": "^0.263.1",
    "react": "^18.3.1",
    "react-dom": "^18.3.1",
    "react-hook-form": "^7.49.3",
    "react-router-dom": "^6.30.1",
    "recharts": "^2.12.7",
    "sonner": "^1.4.0",
    "tailwind-merge": "^2.2.1",
    "tailwindcss-animate": "^1.0.7",
    "zod": "^3.22.4"
  },
  "devDependencies": {
    "@types/node": "^22.16.5",
    "@types/react": "^18.3.7",
    "@types/react-dom": "^18.3.7",
    "@typescript-eslint/eslint-plugin": "^8.38.0",
    "@typescript-eslint/parser": "^8.38.0",
    "@vitejs/plugin-react-swc": "^3.5.0",
    "autoprefixer": "^10.4.17",
    "eslint": "^9.15.0",
    "eslint-plugin-react-hooks": "^5.0.0",
    "eslint-plugin-react-refresh": "^0.4.14",
    "postcss": "^8.4.35",
    "tailwindcss": "^3.4.17",
    "typescript": "^5.6.3",
    "typescript-eslint": "^8.38.0",
    "vite": "^5.4.19"
  },
  "keywords": [
    "ctf",
    "cybersecurity",
    "hacking",
    "capture-the-flag",
    "react",
    "typescript",
    "supabase"
  ],
  "author": "SEENAF Team",
  "license": "MIT"
}